<?xml version="1.0" encoding="UTF-8"?>
<beans xmlns="http://www.springframework.org/schema/beans"
	xmlns:xsi="http://www.w3.org/2001/XMLSchema-instance"
	xmlns:context="http://www.springframework.org/schema/context"
	xmlns:mvc="http://www.springframework.org/schema/mvc"
	xsi:schemaLocation="  
            http://www.springframework.org/schema/beans  
            http://www.springframework.org/schema/beans/spring-beans.xsd  
            http://www.springframework.org/schema/context  
            http://www.springframework.org/schema/context/spring-context.xsd  
            http://www.springframework.org/schema/mvc  
            http://www.springframework.org/schema/mvc/spring-mvc.xsd">
	<context:component-scan base-package="com.cdac.employee"></context:component-scan>
    <context:annotation-config/>
	<bean
		class="org.springframework.web.servlet.view.InternalResourceViewResolver">
		<property name="prefix" value="/WEB-INF/jsp/"></property>
		<property name="suffix" value=".jsp"></property>
	</bean>
	
<!-- Bean For MySql DB Connection -->
	<bean id="ds"
		class="org.springframework.jdbc.datasource.DriverManagerDataSource">
		<property name="driverClassName"
			value="com.mysql.jdbc.Driver"></property>
			
		 <property name="url"
			value="jdbc:mysql://localhost:3306/Employee?serverTimezone=UTC"></property>
	
		<property name="username" value="root"></property>
		<property name="password" value="Sona@123"></property>
	</bean>

 <!--    Bean for Postgres database -->
<!--  <bean id="multipartResolver"
		class="org.springframework.web.multipart.commons.CommonsMultipartResolver">
		<property name="maxUploadSize" value="8000000" />
	</bean>
 	
 <bean id="ds"
		class="org.springframework.jdbc.datasource.DriverManagerDataSource">
		<property name="driverClassName"
			value="org.postgresql.Driver" />
		<property name="url"
			value="jdbc:postgresql://localhost:5432/Employee?charSet=UTF-8" />
		<property name="username" value="postgres" />
		<property name="password" value="root" />
		<property name="connectionProperties">
			<props>
				<prop key="socketTimeout">10</prop>
			</props>
		</property>
	</bean>
 -->    



	<bean id="jt" class="org.springframework.jdbc.core.JdbcTemplate">
		<property name="dataSource" ref="ds"></property>
	</bean>

	  <bean id="dao" class="com.cdac.employee.dao.EmployeeDaoImpl">
		<property name="template" ref="jt"></property>
	</bean>

	
	<!-- Bean For localization -->
     <bean id="messageSource" class="org.springframework.context.support.ResourceBundleMessageSource">
        <property name="basename" value="messages" />
         <property name="defaultEncoding" value="UTF-8" />
    </bean>
        <!-- Localization Bean For Session -->
    
    <bean id="localeResolver"
  class="org.springframework.web.servlet.i18n.SessionLocaleResolver">
    <property name="defaultLocale" value="en" />
</bean>
    
    <!-- Localization Bean For Cookies -->
 
   <!--  <bean id="localeResolver"
        class="org.springframework.web.servlet.i18n.CookieLocaleResolver">
        <property name="defaultLocale" value="en" />
        <property name="cookieName" value="kscodesCookie" />
        <property name="cookieMaxAge" value="3600" />
    </bean>
  -->
    <bean id="localeChangeInterceptor"
        class="org.springframework.web.servlet.i18n.LocaleChangeInterceptor">
        <property name="paramName" value="language" />
    </bean>
 
    <bean
        class="org.springframework.web.servlet.mvc.method.annotation.RequestMappingHandlerMapping">
        <property name="interceptors">
            <list>
                <ref bean="localeChangeInterceptor" />
            </list>
        </property>
    </bean>
	
	<mvc:resources mapping="/resources/**"
        location="/resources/" cache-period="31556926" />
    <mvc:annotation-driven />
	
	 <!--   <bean id="multipartResolver"   
    class="org.springframework.web.multipart.commons.CommonsMultipartResolver"/>  
-->  

</beans>  